,dataset,noise,model,agent_num,count
0,gsm,clean,Llama-3.1-8B-Instruct,1,1319
1,gsm,clean,Llama-3.1-8B-Instruct,5,1319
2,gsm,clean,Llama-3.1-8B-Instruct,10,1319
3,gsm,clean,Llama-3.1-8B-Instruct,15,1319
4,gsm,clean,Llama-3.1-8B-Instruct,20,1319
5,gsm,clean,Llama-3.1-8B-Instruct,25,1319
6,gsm,clean,Mistral-7B-Instruct-v0.3,1,1319
7,gsm,clean,Mistral-7B-Instruct-v0.3,5,1319
8,gsm,clean,Mistral-7B-Instruct-v0.3,10,1319
9,gsm,clean,Mistral-7B-Instruct-v0.3,15,1319
10,gsm,clean,Mistral-7B-Instruct-v0.3,20,1319
11,gsm,clean,Mistral-7B-Instruct-v0.3,25,1319
12,gsm,clean,Qwen3-14B,1,1319
13,gsm,clean,Qwen3-14B,5,1319
14,gsm,clean,Qwen3-14B,10,1319
15,gsm,clean,Qwen3-14B,15,1319
16,gsm,clean,Qwen3-14B,20,1319
17,gsm,clean,Qwen3-14B,25,1319
18,gsm,clean,Qwen3-4B,1,1319
19,gsm,clean,Qwen3-4B,5,1319
20,gsm,clean,Qwen3-4B,10,1319
21,gsm,clean,Qwen3-4B,15,1319
22,gsm,clean,Qwen3-4B,20,1319
23,gsm,clean,Qwen3-4B,25,1319
24,gsm,clean,gemma-3-12b-it,1,1319
25,gsm,clean,gemma-3-12b-it,5,1319
26,gsm,clean,gemma-3-12b-it,10,1319
27,gsm,clean,gemma-3-12b-it,15,1319
28,gsm,clean,gemma-3-12b-it,20,1319
29,gsm,clean,gemma-3-12b-it,25,1319
30,gsm,clean,gemma-3-4b-it,1,1319
31,gsm,clean,gemma-3-4b-it,5,1319
32,gsm,clean,gemma-3-4b-it,10,1319
33,gsm,clean,gemma-3-4b-it,15,1319
34,gsm,clean,gemma-3-4b-it,20,1319
35,gsm,clean,gemma-3-4b-it,25,1319
36,gsm,punctuation_10,Llama-3.1-8B-Instruct,1,1319
37,gsm,punctuation_10,Llama-3.1-8B-Instruct,5,1319
38,gsm,punctuation_10,Llama-3.1-8B-Instruct,10,1319
39,gsm,punctuation_10,Llama-3.1-8B-Instruct,15,1319
40,gsm,punctuation_10,Llama-3.1-8B-Instruct,20,1319
41,gsm,punctuation_10,Llama-3.1-8B-Instruct,25,1319
42,gsm,punctuation_10,Mistral-7B-Instruct-v0.3,1,1219
43,gsm,punctuation_10,Mistral-7B-Instruct-v0.3,5,1219
44,gsm,punctuation_10,Mistral-7B-Instruct-v0.3,10,1219
45,gsm,punctuation_10,Mistral-7B-Instruct-v0.3,15,1219
46,gsm,punctuation_10,Mistral-7B-Instruct-v0.3,20,1219
47,gsm,punctuation_10,Mistral-7B-Instruct-v0.3,25,1219
48,gsm,punctuation_10,Qwen3-14B,1,1319
49,gsm,punctuation_10,Qwen3-14B,5,1319
50,gsm,punctuation_10,Qwen3-14B,10,1319
51,gsm,punctuation_10,Qwen3-14B,15,1319
52,gsm,punctuation_10,Qwen3-14B,20,1319
53,gsm,punctuation_10,Qwen3-14B,25,1319
54,gsm,punctuation_10,Qwen3-4B,1,1319
55,gsm,punctuation_10,Qwen3-4B,5,1319
56,gsm,punctuation_10,Qwen3-4B,10,1319
57,gsm,punctuation_10,Qwen3-4B,15,1319
58,gsm,punctuation_10,Qwen3-4B,20,1319
59,gsm,punctuation_10,Qwen3-4B,25,1319
60,gsm,punctuation_10,gemma-3-12b-it,1,1319
61,gsm,punctuation_10,gemma-3-12b-it,5,1319
62,gsm,punctuation_10,gemma-3-12b-it,10,1319
63,gsm,punctuation_10,gemma-3-12b-it,15,1319
64,gsm,punctuation_10,gemma-3-12b-it,20,1319
65,gsm,punctuation_10,gemma-3-12b-it,25,1319
66,gsm,punctuation_10,gemma-3-4b-it,1,1319
67,gsm,punctuation_10,gemma-3-4b-it,5,1319
68,gsm,punctuation_10,gemma-3-4b-it,10,1319
69,gsm,punctuation_10,gemma-3-4b-it,15,1319
70,gsm,punctuation_10,gemma-3-4b-it,20,1319
71,gsm,punctuation_10,gemma-3-4b-it,25,1319
72,gsm,punctuation_30,Llama-3.1-8B-Instruct,1,1319
73,gsm,punctuation_30,Llama-3.1-8B-Instruct,5,1319
74,gsm,punctuation_30,Llama-3.1-8B-Instruct,10,1319
75,gsm,punctuation_30,Llama-3.1-8B-Instruct,15,1319
76,gsm,punctuation_30,Llama-3.1-8B-Instruct,20,1319
77,gsm,punctuation_30,Llama-3.1-8B-Instruct,25,1319
78,gsm,punctuation_30,Mistral-7B-Instruct-v0.3,1,1319
79,gsm,punctuation_30,Mistral-7B-Instruct-v0.3,5,1319
80,gsm,punctuation_30,Mistral-7B-Instruct-v0.3,10,1319
81,gsm,punctuation_30,Mistral-7B-Instruct-v0.3,15,1319
82,gsm,punctuation_30,Mistral-7B-Instruct-v0.3,20,1319
83,gsm,punctuation_30,Mistral-7B-Instruct-v0.3,25,1319
84,gsm,punctuation_30,Qwen3-14B,1,1319
85,gsm,punctuation_30,Qwen3-14B,5,1319
86,gsm,punctuation_30,Qwen3-14B,10,1319
87,gsm,punctuation_30,Qwen3-14B,15,1319
88,gsm,punctuation_30,Qwen3-14B,20,1319
89,gsm,punctuation_30,Qwen3-14B,25,1319
90,gsm,punctuation_30,Qwen3-4B,1,1319
91,gsm,punctuation_30,Qwen3-4B,5,1319
92,gsm,punctuation_30,Qwen3-4B,10,1319
93,gsm,punctuation_30,Qwen3-4B,15,1319
94,gsm,punctuation_30,Qwen3-4B,20,1319
95,gsm,punctuation_30,Qwen3-4B,25,1319
96,gsm,punctuation_30,gemma-3-12b-it,1,1319
97,gsm,punctuation_30,gemma-3-12b-it,5,1319
98,gsm,punctuation_30,gemma-3-12b-it,10,1319
99,gsm,punctuation_30,gemma-3-12b-it,15,1319
100,gsm,punctuation_30,gemma-3-12b-it,20,1319
101,gsm,punctuation_30,gemma-3-12b-it,25,1319
102,gsm,punctuation_30,gemma-3-4b-it,1,1319
103,gsm,punctuation_30,gemma-3-4b-it,5,1319
104,gsm,punctuation_30,gemma-3-4b-it,10,1319
105,gsm,punctuation_30,gemma-3-4b-it,15,1319
106,gsm,punctuation_30,gemma-3-4b-it,20,1319
107,gsm,punctuation_30,gemma-3-4b-it,25,1319
108,gsm,punctuation_50,Llama-3.1-8B-Instruct,1,1319
109,gsm,punctuation_50,Llama-3.1-8B-Instruct,5,1319
110,gsm,punctuation_50,Llama-3.1-8B-Instruct,10,1319
111,gsm,punctuation_50,Llama-3.1-8B-Instruct,15,1319
112,gsm,punctuation_50,Llama-3.1-8B-Instruct,20,1319
113,gsm,punctuation_50,Llama-3.1-8B-Instruct,25,1319
114,gsm,punctuation_50,Mistral-7B-Instruct-v0.3,1,1219
115,gsm,punctuation_50,Mistral-7B-Instruct-v0.3,5,1219
116,gsm,punctuation_50,Mistral-7B-Instruct-v0.3,10,1219
117,gsm,punctuation_50,Mistral-7B-Instruct-v0.3,15,1219
118,gsm,punctuation_50,Mistral-7B-Instruct-v0.3,20,1219
119,gsm,punctuation_50,Mistral-7B-Instruct-v0.3,25,1219
120,gsm,punctuation_50,Qwen3-14B,1,1319
121,gsm,punctuation_50,Qwen3-14B,5,1319
122,gsm,punctuation_50,Qwen3-14B,10,1319
123,gsm,punctuation_50,Qwen3-14B,15,1319
124,gsm,punctuation_50,Qwen3-14B,20,1319
125,gsm,punctuation_50,Qwen3-14B,25,1319
126,gsm,punctuation_50,Qwen3-4B,1,1319
127,gsm,punctuation_50,Qwen3-4B,5,1319
128,gsm,punctuation_50,Qwen3-4B,10,1319
129,gsm,punctuation_50,Qwen3-4B,15,1319
130,gsm,punctuation_50,Qwen3-4B,20,1319
131,gsm,punctuation_50,Qwen3-4B,25,1319
132,gsm,punctuation_50,gemma-3-12b-it,1,1319
133,gsm,punctuation_50,gemma-3-12b-it,5,1319
134,gsm,punctuation_50,gemma-3-12b-it,10,1319
135,gsm,punctuation_50,gemma-3-12b-it,15,1319
136,gsm,punctuation_50,gemma-3-12b-it,20,1319
137,gsm,punctuation_50,gemma-3-12b-it,25,1319
138,gsm,punctuation_50,gemma-3-4b-it,1,1319
139,gsm,punctuation_50,gemma-3-4b-it,5,1319
140,gsm,punctuation_50,gemma-3-4b-it,10,1319
141,gsm,punctuation_50,gemma-3-4b-it,15,1319
142,gsm,punctuation_50,gemma-3-4b-it,20,1319
143,gsm,punctuation_50,gemma-3-4b-it,25,1319
144,gsm,r2ata,Llama-3.1-8B-Instruct,1,1219
145,gsm,r2ata,Llama-3.1-8B-Instruct,5,1219
146,gsm,r2ata,Llama-3.1-8B-Instruct,10,1219
147,gsm,r2ata,Llama-3.1-8B-Instruct,15,1219
148,gsm,r2ata,Llama-3.1-8B-Instruct,20,1219
149,gsm,r2ata,Llama-3.1-8B-Instruct,25,1219
150,gsm,r2ata,Mistral-7B-Instruct-v0.3,1,1119
151,gsm,r2ata,Mistral-7B-Instruct-v0.3,5,1119
152,gsm,r2ata,Mistral-7B-Instruct-v0.3,10,1119
153,gsm,r2ata,Mistral-7B-Instruct-v0.3,15,1119
154,gsm,r2ata,Mistral-7B-Instruct-v0.3,20,1119
155,gsm,r2ata,Mistral-7B-Instruct-v0.3,25,1119
156,gsm,r2ata,Qwen3-14B,1,1319
157,gsm,r2ata,Qwen3-14B,5,1319
158,gsm,r2ata,Qwen3-14B,10,1319
159,gsm,r2ata,Qwen3-14B,15,1319
160,gsm,r2ata,Qwen3-14B,20,1319
161,gsm,r2ata,Qwen3-14B,25,1319
162,gsm,r2ata,Qwen3-4B,1,1219
163,gsm,r2ata,Qwen3-4B,5,1219
164,gsm,r2ata,Qwen3-4B,10,1219
165,gsm,r2ata,Qwen3-4B,15,1219
166,gsm,r2ata,Qwen3-4B,20,1219
167,gsm,r2ata,Qwen3-4B,25,1219
168,gsm,r2ata,gemma-3-12b-it,1,1319
169,gsm,r2ata,gemma-3-12b-it,5,1319
170,gsm,r2ata,gemma-3-12b-it,10,1319
171,gsm,r2ata,gemma-3-12b-it,15,1319
172,gsm,r2ata,gemma-3-12b-it,20,1319
173,gsm,r2ata,gemma-3-12b-it,25,1319
174,gsm,r2ata,gemma-3-4b-it,1,1319
175,gsm,r2ata,gemma-3-4b-it,5,1319
176,gsm,r2ata,gemma-3-4b-it,10,1319
177,gsm,r2ata,gemma-3-4b-it,15,1319
178,gsm,r2ata,gemma-3-4b-it,20,1319
179,gsm,r2ata,gemma-3-4b-it,25,1319
180,gsm,wikitypo,Llama-3.1-8B-Instruct,1,1319
181,gsm,wikitypo,Llama-3.1-8B-Instruct,5,1319
182,gsm,wikitypo,Llama-3.1-8B-Instruct,10,1319
183,gsm,wikitypo,Llama-3.1-8B-Instruct,15,1319
184,gsm,wikitypo,Llama-3.1-8B-Instruct,20,1319
185,gsm,wikitypo,Llama-3.1-8B-Instruct,25,1319
186,gsm,wikitypo,Mistral-7B-Instruct-v0.3,1,1219
187,gsm,wikitypo,Mistral-7B-Instruct-v0.3,5,1219
188,gsm,wikitypo,Mistral-7B-Instruct-v0.3,10,1219
189,gsm,wikitypo,Mistral-7B-Instruct-v0.3,15,1219
190,gsm,wikitypo,Mistral-7B-Instruct-v0.3,20,1219
191,gsm,wikitypo,Mistral-7B-Instruct-v0.3,25,1219
192,gsm,wikitypo,Qwen3-14B,1,1319
193,gsm,wikitypo,Qwen3-14B,5,1319
194,gsm,wikitypo,Qwen3-14B,10,1319
195,gsm,wikitypo,Qwen3-14B,15,1319
196,gsm,wikitypo,Qwen3-14B,20,1319
197,gsm,wikitypo,Qwen3-14B,25,1319
198,gsm,wikitypo,Qwen3-4B,1,1319
199,gsm,wikitypo,Qwen3-4B,5,1319
200,gsm,wikitypo,Qwen3-4B,10,1319
201,gsm,wikitypo,Qwen3-4B,15,1319
202,gsm,wikitypo,Qwen3-4B,20,1319
203,gsm,wikitypo,Qwen3-4B,25,1319
204,gsm,wikitypo,gemma-3-12b-it,1,1319
205,gsm,wikitypo,gemma-3-12b-it,5,1319
206,gsm,wikitypo,gemma-3-12b-it,10,1319
207,gsm,wikitypo,gemma-3-12b-it,15,1319
208,gsm,wikitypo,gemma-3-12b-it,20,1319
209,gsm,wikitypo,gemma-3-12b-it,25,1319
210,gsm,wikitypo,gemma-3-4b-it,1,1319
211,gsm,wikitypo,gemma-3-4b-it,5,1319
212,gsm,wikitypo,gemma-3-4b-it,10,1319
213,gsm,wikitypo,gemma-3-4b-it,15,1319
214,gsm,wikitypo,gemma-3-4b-it,20,1319
215,gsm,wikitypo,gemma-3-4b-it,25,1319
216,math,clean,Llama-3.1-8B-Instruct,1,100
217,math,clean,Llama-3.1-8B-Instruct,5,100
218,math,clean,Llama-3.1-8B-Instruct,10,100
219,math,clean,Llama-3.1-8B-Instruct,15,100
220,math,clean,Llama-3.1-8B-Instruct,20,100
221,math,clean,Llama-3.1-8B-Instruct,25,100
222,math,clean,Mistral-7B-Instruct-v0.3,1,100
223,math,clean,Mistral-7B-Instruct-v0.3,5,100
224,math,clean,Mistral-7B-Instruct-v0.3,10,100
225,math,clean,Mistral-7B-Instruct-v0.3,15,100
226,math,clean,Mistral-7B-Instruct-v0.3,20,100
227,math,clean,Mistral-7B-Instruct-v0.3,25,100
228,math,clean,Qwen3-14B,1,100
229,math,clean,Qwen3-14B,5,100
230,math,clean,Qwen3-14B,10,100
231,math,clean,Qwen3-14B,15,100
232,math,clean,Qwen3-14B,20,100
233,math,clean,Qwen3-14B,25,100
234,math,clean,Qwen3-4B,1,100
235,math,clean,Qwen3-4B,5,100
236,math,clean,Qwen3-4B,10,100
237,math,clean,Qwen3-4B,15,100
238,math,clean,Qwen3-4B,20,100
239,math,clean,Qwen3-4B,25,100
240,math,clean,gemma-3-12b-it,1,100
241,math,clean,gemma-3-12b-it,5,100
242,math,clean,gemma-3-12b-it,10,100
243,math,clean,gemma-3-12b-it,15,100
244,math,clean,gemma-3-12b-it,20,100
245,math,clean,gemma-3-12b-it,25,100
246,math,clean,gemma-3-4b-it,1,100
247,math,clean,gemma-3-4b-it,5,100
248,math,clean,gemma-3-4b-it,10,100
249,math,clean,gemma-3-4b-it,15,100
250,math,clean,gemma-3-4b-it,20,100
251,math,clean,gemma-3-4b-it,25,100
252,math,punctuation_10,Llama-3.1-8B-Instruct,1,100
253,math,punctuation_10,Llama-3.1-8B-Instruct,5,100
254,math,punctuation_10,Llama-3.1-8B-Instruct,10,100
255,math,punctuation_10,Llama-3.1-8B-Instruct,15,100
256,math,punctuation_10,Llama-3.1-8B-Instruct,20,100
257,math,punctuation_10,Llama-3.1-8B-Instruct,25,100
258,math,punctuation_10,Mistral-7B-Instruct-v0.3,1,100
259,math,punctuation_10,Mistral-7B-Instruct-v0.3,5,100
260,math,punctuation_10,Mistral-7B-Instruct-v0.3,10,100
261,math,punctuation_10,Mistral-7B-Instruct-v0.3,15,100
262,math,punctuation_10,Mistral-7B-Instruct-v0.3,20,100
263,math,punctuation_10,Mistral-7B-Instruct-v0.3,25,100
264,math,punctuation_10,Qwen3-14B,1,100
265,math,punctuation_10,Qwen3-14B,5,100
266,math,punctuation_10,Qwen3-14B,10,100
267,math,punctuation_10,Qwen3-14B,15,100
268,math,punctuation_10,Qwen3-14B,20,100
269,math,punctuation_10,Qwen3-14B,25,100
270,math,punctuation_10,Qwen3-4B,1,100
271,math,punctuation_10,Qwen3-4B,5,100
272,math,punctuation_10,Qwen3-4B,10,100
273,math,punctuation_10,Qwen3-4B,15,100
274,math,punctuation_10,Qwen3-4B,20,100
275,math,punctuation_10,Qwen3-4B,25,100
276,math,punctuation_10,gemma-3-12b-it,1,100
277,math,punctuation_10,gemma-3-12b-it,5,100
278,math,punctuation_10,gemma-3-12b-it,10,100
279,math,punctuation_10,gemma-3-12b-it,15,100
280,math,punctuation_10,gemma-3-12b-it,20,100
281,math,punctuation_10,gemma-3-12b-it,25,100
282,math,punctuation_10,gemma-3-4b-it,1,100
283,math,punctuation_10,gemma-3-4b-it,5,100
284,math,punctuation_10,gemma-3-4b-it,10,100
285,math,punctuation_10,gemma-3-4b-it,15,100
286,math,punctuation_10,gemma-3-4b-it,20,100
287,math,punctuation_10,gemma-3-4b-it,25,100
288,math,punctuation_30,Llama-3.1-8B-Instruct,1,100
289,math,punctuation_30,Llama-3.1-8B-Instruct,5,100
290,math,punctuation_30,Llama-3.1-8B-Instruct,10,100
291,math,punctuation_30,Llama-3.1-8B-Instruct,15,100
292,math,punctuation_30,Llama-3.1-8B-Instruct,20,100
293,math,punctuation_30,Llama-3.1-8B-Instruct,25,100
294,math,punctuation_30,Mistral-7B-Instruct-v0.3,1,100
295,math,punctuation_30,Mistral-7B-Instruct-v0.3,5,100
296,math,punctuation_30,Mistral-7B-Instruct-v0.3,10,100
297,math,punctuation_30,Mistral-7B-Instruct-v0.3,15,100
298,math,punctuation_30,Mistral-7B-Instruct-v0.3,20,100
299,math,punctuation_30,Mistral-7B-Instruct-v0.3,25,100
300,math,punctuation_30,Qwen3-14B,1,100
301,math,punctuation_30,Qwen3-14B,5,100
302,math,punctuation_30,Qwen3-14B,10,100
303,math,punctuation_30,Qwen3-14B,15,100
304,math,punctuation_30,Qwen3-14B,20,100
305,math,punctuation_30,Qwen3-14B,25,100
306,math,punctuation_30,Qwen3-4B,1,100
307,math,punctuation_30,Qwen3-4B,5,100
308,math,punctuation_30,Qwen3-4B,10,100
309,math,punctuation_30,Qwen3-4B,15,100
310,math,punctuation_30,Qwen3-4B,20,100
311,math,punctuation_30,Qwen3-4B,25,100
312,math,punctuation_30,gemma-3-12b-it,1,100
313,math,punctuation_30,gemma-3-12b-it,5,100
314,math,punctuation_30,gemma-3-12b-it,10,100
315,math,punctuation_30,gemma-3-12b-it,15,100
316,math,punctuation_30,gemma-3-12b-it,20,100
317,math,punctuation_30,gemma-3-12b-it,25,100
318,math,punctuation_30,gemma-3-4b-it,1,100
319,math,punctuation_30,gemma-3-4b-it,5,100
320,math,punctuation_30,gemma-3-4b-it,10,100
321,math,punctuation_30,gemma-3-4b-it,15,100
322,math,punctuation_30,gemma-3-4b-it,20,100
323,math,punctuation_30,gemma-3-4b-it,25,100
324,math,punctuation_50,Llama-3.1-8B-Instruct,1,100
325,math,punctuation_50,Llama-3.1-8B-Instruct,5,100
326,math,punctuation_50,Llama-3.1-8B-Instruct,10,100
327,math,punctuation_50,Llama-3.1-8B-Instruct,15,100
328,math,punctuation_50,Llama-3.1-8B-Instruct,20,100
329,math,punctuation_50,Llama-3.1-8B-Instruct,25,100
330,math,punctuation_50,Mistral-7B-Instruct-v0.3,1,100
331,math,punctuation_50,Mistral-7B-Instruct-v0.3,5,100
332,math,punctuation_50,Mistral-7B-Instruct-v0.3,10,100
333,math,punctuation_50,Mistral-7B-Instruct-v0.3,15,100
334,math,punctuation_50,Mistral-7B-Instruct-v0.3,20,100
335,math,punctuation_50,Mistral-7B-Instruct-v0.3,25,100
336,math,punctuation_50,Qwen3-14B,1,100
337,math,punctuation_50,Qwen3-14B,5,100
338,math,punctuation_50,Qwen3-14B,10,100
339,math,punctuation_50,Qwen3-14B,15,100
340,math,punctuation_50,Qwen3-14B,20,100
341,math,punctuation_50,Qwen3-14B,25,100
342,math,punctuation_50,Qwen3-4B,1,100
343,math,punctuation_50,Qwen3-4B,5,100
344,math,punctuation_50,Qwen3-4B,10,100
345,math,punctuation_50,Qwen3-4B,15,100
346,math,punctuation_50,Qwen3-4B,20,100
347,math,punctuation_50,Qwen3-4B,25,100
348,math,punctuation_50,gemma-3-12b-it,1,100
349,math,punctuation_50,gemma-3-12b-it,5,100
350,math,punctuation_50,gemma-3-12b-it,10,100
351,math,punctuation_50,gemma-3-12b-it,15,100
352,math,punctuation_50,gemma-3-12b-it,20,100
353,math,punctuation_50,gemma-3-12b-it,25,100
354,math,punctuation_50,gemma-3-4b-it,1,100
355,math,punctuation_50,gemma-3-4b-it,5,100
356,math,punctuation_50,gemma-3-4b-it,10,100
357,math,punctuation_50,gemma-3-4b-it,15,100
358,math,punctuation_50,gemma-3-4b-it,20,100
359,math,punctuation_50,gemma-3-4b-it,25,100
360,math,r2ata,Llama-3.1-8B-Instruct,1,100
361,math,r2ata,Llama-3.1-8B-Instruct,5,100
362,math,r2ata,Llama-3.1-8B-Instruct,10,100
363,math,r2ata,Llama-3.1-8B-Instruct,15,100
364,math,r2ata,Llama-3.1-8B-Instruct,20,100
365,math,r2ata,Llama-3.1-8B-Instruct,25,100
366,math,r2ata,Mistral-7B-Instruct-v0.3,1,100
367,math,r2ata,Mistral-7B-Instruct-v0.3,5,100
368,math,r2ata,Mistral-7B-Instruct-v0.3,10,100
369,math,r2ata,Mistral-7B-Instruct-v0.3,15,100
370,math,r2ata,Mistral-7B-Instruct-v0.3,20,100
371,math,r2ata,Mistral-7B-Instruct-v0.3,25,100
372,math,r2ata,Qwen3-14B,1,100
373,math,r2ata,Qwen3-14B,5,100
374,math,r2ata,Qwen3-14B,10,100
375,math,r2ata,Qwen3-14B,15,100
376,math,r2ata,Qwen3-14B,20,100
377,math,r2ata,Qwen3-14B,25,100
378,math,r2ata,Qwen3-4B,1,100
379,math,r2ata,Qwen3-4B,5,100
380,math,r2ata,Qwen3-4B,10,100
381,math,r2ata,Qwen3-4B,15,100
382,math,r2ata,Qwen3-4B,20,100
383,math,r2ata,Qwen3-4B,25,100
384,math,r2ata,gemma-3-12b-it,1,100
385,math,r2ata,gemma-3-12b-it,5,100
386,math,r2ata,gemma-3-12b-it,10,100
387,math,r2ata,gemma-3-12b-it,15,100
388,math,r2ata,gemma-3-12b-it,20,100
389,math,r2ata,gemma-3-12b-it,25,100
390,math,r2ata,gemma-3-4b-it,1,100
391,math,r2ata,gemma-3-4b-it,5,100
392,math,r2ata,gemma-3-4b-it,10,100
393,math,r2ata,gemma-3-4b-it,15,100
394,math,r2ata,gemma-3-4b-it,20,100
395,math,r2ata,gemma-3-4b-it,25,100
396,math,wikitypo,Llama-3.1-8B-Instruct,1,100
397,math,wikitypo,Llama-3.1-8B-Instruct,5,100
398,math,wikitypo,Llama-3.1-8B-Instruct,10,100
399,math,wikitypo,Llama-3.1-8B-Instruct,15,100
400,math,wikitypo,Llama-3.1-8B-Instruct,20,100
401,math,wikitypo,Llama-3.1-8B-Instruct,25,100
402,math,wikitypo,Mistral-7B-Instruct-v0.3,1,100
403,math,wikitypo,Mistral-7B-Instruct-v0.3,5,100
404,math,wikitypo,Mistral-7B-Instruct-v0.3,10,100
405,math,wikitypo,Mistral-7B-Instruct-v0.3,15,100
406,math,wikitypo,Mistral-7B-Instruct-v0.3,20,100
407,math,wikitypo,Mistral-7B-Instruct-v0.3,25,100
408,math,wikitypo,Qwen3-14B,1,100
409,math,wikitypo,Qwen3-14B,5,100
410,math,wikitypo,Qwen3-14B,10,100
411,math,wikitypo,Qwen3-14B,15,100
412,math,wikitypo,Qwen3-14B,20,100
413,math,wikitypo,Qwen3-14B,25,100
414,math,wikitypo,Qwen3-4B,1,100
415,math,wikitypo,Qwen3-4B,5,100
416,math,wikitypo,Qwen3-4B,10,100
417,math,wikitypo,Qwen3-4B,15,100
418,math,wikitypo,Qwen3-4B,20,100
419,math,wikitypo,Qwen3-4B,25,100
420,math,wikitypo,gemma-3-12b-it,1,100
421,math,wikitypo,gemma-3-12b-it,5,100
422,math,wikitypo,gemma-3-12b-it,10,100
423,math,wikitypo,gemma-3-12b-it,15,100
424,math,wikitypo,gemma-3-12b-it,20,100
425,math,wikitypo,gemma-3-12b-it,25,100
426,math,wikitypo,gemma-3-4b-it,1,100
427,math,wikitypo,gemma-3-4b-it,5,100
428,math,wikitypo,gemma-3-4b-it,10,100
429,math,wikitypo,gemma-3-4b-it,15,100
430,math,wikitypo,gemma-3-4b-it,20,100
431,math,wikitypo,gemma-3-4b-it,25,100
432,mmlu,clean,Llama-3.1-8B-Instruct,1,1059
433,mmlu,clean,Llama-3.1-8B-Instruct,5,1059
434,mmlu,clean,Llama-3.1-8B-Instruct,10,1059
435,mmlu,clean,Llama-3.1-8B-Instruct,15,1059
436,mmlu,clean,Llama-3.1-8B-Instruct,20,1059
437,mmlu,clean,Llama-3.1-8B-Instruct,25,1059
438,mmlu,clean,Mistral-7B-Instruct-v0.3,1,1059
439,mmlu,clean,Mistral-7B-Instruct-v0.3,5,1059
440,mmlu,clean,Mistral-7B-Instruct-v0.3,10,1059
441,mmlu,clean,Mistral-7B-Instruct-v0.3,15,1059
442,mmlu,clean,Mistral-7B-Instruct-v0.3,20,1059
443,mmlu,clean,Mistral-7B-Instruct-v0.3,25,1059
444,mmlu,clean,Qwen3-14B,1,1059
445,mmlu,clean,Qwen3-14B,5,1059
446,mmlu,clean,Qwen3-14B,10,1059
447,mmlu,clean,Qwen3-14B,15,1059
448,mmlu,clean,Qwen3-14B,20,1059
449,mmlu,clean,Qwen3-14B,25,1059
450,mmlu,clean,Qwen3-4B,1,1059
451,mmlu,clean,Qwen3-4B,5,1059
452,mmlu,clean,Qwen3-4B,10,1059
453,mmlu,clean,Qwen3-4B,15,1059
454,mmlu,clean,Qwen3-4B,20,1059
455,mmlu,clean,Qwen3-4B,25,1059
456,mmlu,clean,gemma-3-12b-it,1,1059
457,mmlu,clean,gemma-3-12b-it,5,1059
458,mmlu,clean,gemma-3-12b-it,10,1059
459,mmlu,clean,gemma-3-12b-it,15,1059
460,mmlu,clean,gemma-3-12b-it,20,1059
461,mmlu,clean,gemma-3-12b-it,25,1059
462,mmlu,clean,gemma-3-4b-it,1,1059
463,mmlu,clean,gemma-3-4b-it,5,1059
464,mmlu,clean,gemma-3-4b-it,10,1059
465,mmlu,clean,gemma-3-4b-it,15,1059
466,mmlu,clean,gemma-3-4b-it,20,1059
467,mmlu,clean,gemma-3-4b-it,25,1059
468,mmlu,punctuation_10,Llama-3.1-8B-Instruct,1,1059
469,mmlu,punctuation_10,Llama-3.1-8B-Instruct,5,1059
470,mmlu,punctuation_10,Llama-3.1-8B-Instruct,10,1059
471,mmlu,punctuation_10,Llama-3.1-8B-Instruct,15,1059
472,mmlu,punctuation_10,Llama-3.1-8B-Instruct,20,1059
473,mmlu,punctuation_10,Llama-3.1-8B-Instruct,25,1059
474,mmlu,punctuation_10,Mistral-7B-Instruct-v0.3,1,1059
475,mmlu,punctuation_10,Mistral-7B-Instruct-v0.3,5,1059
476,mmlu,punctuation_10,Mistral-7B-Instruct-v0.3,10,1059
477,mmlu,punctuation_10,Mistral-7B-Instruct-v0.3,15,1059
478,mmlu,punctuation_10,Mistral-7B-Instruct-v0.3,20,1059
479,mmlu,punctuation_10,Mistral-7B-Instruct-v0.3,25,1059
480,mmlu,punctuation_10,Qwen3-14B,1,1059
481,mmlu,punctuation_10,Qwen3-14B,5,1059
482,mmlu,punctuation_10,Qwen3-14B,10,1059
483,mmlu,punctuation_10,Qwen3-14B,15,1059
484,mmlu,punctuation_10,Qwen3-14B,20,1059
485,mmlu,punctuation_10,Qwen3-14B,25,1059
486,mmlu,punctuation_10,Qwen3-4B,1,1059
487,mmlu,punctuation_10,Qwen3-4B,5,1059
488,mmlu,punctuation_10,Qwen3-4B,10,1059
489,mmlu,punctuation_10,Qwen3-4B,15,1059
490,mmlu,punctuation_10,Qwen3-4B,20,1059
491,mmlu,punctuation_10,Qwen3-4B,25,1059
492,mmlu,punctuation_10,gemma-3-12b-it,1,1059
493,mmlu,punctuation_10,gemma-3-12b-it,5,1059
494,mmlu,punctuation_10,gemma-3-12b-it,10,1059
495,mmlu,punctuation_10,gemma-3-12b-it,15,1059
496,mmlu,punctuation_10,gemma-3-12b-it,20,1059
497,mmlu,punctuation_10,gemma-3-12b-it,25,1059
498,mmlu,punctuation_10,gemma-3-4b-it,1,1059
499,mmlu,punctuation_10,gemma-3-4b-it,5,1059
500,mmlu,punctuation_10,gemma-3-4b-it,10,1059
501,mmlu,punctuation_10,gemma-3-4b-it,15,1059
502,mmlu,punctuation_10,gemma-3-4b-it,20,1059
503,mmlu,punctuation_10,gemma-3-4b-it,25,1059
504,mmlu,punctuation_30,Llama-3.1-8B-Instruct,1,1059
505,mmlu,punctuation_30,Llama-3.1-8B-Instruct,5,1059
506,mmlu,punctuation_30,Llama-3.1-8B-Instruct,10,1059
507,mmlu,punctuation_30,Llama-3.1-8B-Instruct,15,1059
508,mmlu,punctuation_30,Llama-3.1-8B-Instruct,20,1059
509,mmlu,punctuation_30,Llama-3.1-8B-Instruct,25,1059
510,mmlu,punctuation_30,Mistral-7B-Instruct-v0.3,1,1059
511,mmlu,punctuation_30,Mistral-7B-Instruct-v0.3,5,1059
512,mmlu,punctuation_30,Mistral-7B-Instruct-v0.3,10,1059
513,mmlu,punctuation_30,Mistral-7B-Instruct-v0.3,15,1059
514,mmlu,punctuation_30,Mistral-7B-Instruct-v0.3,20,1059
515,mmlu,punctuation_30,Mistral-7B-Instruct-v0.3,25,1059
516,mmlu,punctuation_30,Qwen3-14B,1,1059
517,mmlu,punctuation_30,Qwen3-14B,5,1059
518,mmlu,punctuation_30,Qwen3-14B,10,1059
519,mmlu,punctuation_30,Qwen3-14B,15,1059
520,mmlu,punctuation_30,Qwen3-14B,20,1059
521,mmlu,punctuation_30,Qwen3-14B,25,1059
522,mmlu,punctuation_30,Qwen3-4B,1,1059
523,mmlu,punctuation_30,Qwen3-4B,5,1059
524,mmlu,punctuation_30,Qwen3-4B,10,1059
525,mmlu,punctuation_30,Qwen3-4B,15,1059
526,mmlu,punctuation_30,Qwen3-4B,20,1059
527,mmlu,punctuation_30,Qwen3-4B,25,1059
528,mmlu,punctuation_30,gemma-3-12b-it,1,1059
529,mmlu,punctuation_30,gemma-3-12b-it,5,1059
530,mmlu,punctuation_30,gemma-3-12b-it,10,1059
531,mmlu,punctuation_30,gemma-3-12b-it,15,1059
532,mmlu,punctuation_30,gemma-3-12b-it,20,1059
533,mmlu,punctuation_30,gemma-3-12b-it,25,1059
534,mmlu,punctuation_30,gemma-3-4b-it,1,1059
535,mmlu,punctuation_30,gemma-3-4b-it,5,1059
536,mmlu,punctuation_30,gemma-3-4b-it,10,1059
537,mmlu,punctuation_30,gemma-3-4b-it,15,1059
538,mmlu,punctuation_30,gemma-3-4b-it,20,1059
539,mmlu,punctuation_30,gemma-3-4b-it,25,1059
540,mmlu,punctuation_50,Llama-3.1-8B-Instruct,1,1059
541,mmlu,punctuation_50,Llama-3.1-8B-Instruct,5,1059
542,mmlu,punctuation_50,Llama-3.1-8B-Instruct,10,1059
543,mmlu,punctuation_50,Llama-3.1-8B-Instruct,15,1059
544,mmlu,punctuation_50,Llama-3.1-8B-Instruct,20,1059
545,mmlu,punctuation_50,Llama-3.1-8B-Instruct,25,1059
546,mmlu,punctuation_50,Mistral-7B-Instruct-v0.3,1,1059
547,mmlu,punctuation_50,Mistral-7B-Instruct-v0.3,5,1059
548,mmlu,punctuation_50,Mistral-7B-Instruct-v0.3,10,1059
549,mmlu,punctuation_50,Mistral-7B-Instruct-v0.3,15,1059
550,mmlu,punctuation_50,Mistral-7B-Instruct-v0.3,20,1059
551,mmlu,punctuation_50,Mistral-7B-Instruct-v0.3,25,1059
552,mmlu,punctuation_50,Qwen3-14B,1,1059
553,mmlu,punctuation_50,Qwen3-14B,5,1059
554,mmlu,punctuation_50,Qwen3-14B,10,1059
555,mmlu,punctuation_50,Qwen3-14B,15,1059
556,mmlu,punctuation_50,Qwen3-14B,20,1059
557,mmlu,punctuation_50,Qwen3-14B,25,1059
558,mmlu,punctuation_50,Qwen3-4B,1,1059
559,mmlu,punctuation_50,Qwen3-4B,5,1059
560,mmlu,punctuation_50,Qwen3-4B,10,1059
561,mmlu,punctuation_50,Qwen3-4B,15,1059
562,mmlu,punctuation_50,Qwen3-4B,20,1059
563,mmlu,punctuation_50,Qwen3-4B,25,1059
564,mmlu,punctuation_50,gemma-3-12b-it,1,1059
565,mmlu,punctuation_50,gemma-3-12b-it,5,1059
566,mmlu,punctuation_50,gemma-3-12b-it,10,1059
567,mmlu,punctuation_50,gemma-3-12b-it,15,1059
568,mmlu,punctuation_50,gemma-3-12b-it,20,1059
569,mmlu,punctuation_50,gemma-3-12b-it,25,1059
570,mmlu,punctuation_50,gemma-3-4b-it,1,1059
571,mmlu,punctuation_50,gemma-3-4b-it,5,1059
572,mmlu,punctuation_50,gemma-3-4b-it,10,1059
573,mmlu,punctuation_50,gemma-3-4b-it,15,1059
574,mmlu,punctuation_50,gemma-3-4b-it,20,1059
575,mmlu,punctuation_50,gemma-3-4b-it,25,1059
576,mmlu,r2ata,Llama-3.1-8B-Instruct,1,1064
577,mmlu,r2ata,Llama-3.1-8B-Instruct,5,1064
578,mmlu,r2ata,Llama-3.1-8B-Instruct,10,1064
579,mmlu,r2ata,Llama-3.1-8B-Instruct,15,1064
580,mmlu,r2ata,Llama-3.1-8B-Instruct,20,1064
581,mmlu,r2ata,Llama-3.1-8B-Instruct,25,1064
582,mmlu,r2ata,Mistral-7B-Instruct-v0.3,1,1064
583,mmlu,r2ata,Mistral-7B-Instruct-v0.3,5,1064
584,mmlu,r2ata,Mistral-7B-Instruct-v0.3,10,1064
585,mmlu,r2ata,Mistral-7B-Instruct-v0.3,15,1064
586,mmlu,r2ata,Mistral-7B-Instruct-v0.3,20,1064
587,mmlu,r2ata,Mistral-7B-Instruct-v0.3,25,1064
588,mmlu,r2ata,Qwen3-14B,1,1064
589,mmlu,r2ata,Qwen3-14B,5,1064
590,mmlu,r2ata,Qwen3-14B,10,1064
591,mmlu,r2ata,Qwen3-14B,15,1064
592,mmlu,r2ata,Qwen3-14B,20,1064
593,mmlu,r2ata,Qwen3-14B,25,1064
594,mmlu,r2ata,Qwen3-4B,1,1064
595,mmlu,r2ata,Qwen3-4B,5,1064
596,mmlu,r2ata,Qwen3-4B,10,1064
597,mmlu,r2ata,Qwen3-4B,15,1064
598,mmlu,r2ata,Qwen3-4B,20,1064
599,mmlu,r2ata,Qwen3-4B,25,1064
600,mmlu,r2ata,gemma-3-12b-it,1,1064
601,mmlu,r2ata,gemma-3-12b-it,5,1064
602,mmlu,r2ata,gemma-3-12b-it,10,1064
603,mmlu,r2ata,gemma-3-12b-it,15,1064
604,mmlu,r2ata,gemma-3-12b-it,20,1064
605,mmlu,r2ata,gemma-3-12b-it,25,1064
606,mmlu,r2ata,gemma-3-4b-it,1,1059
607,mmlu,r2ata,gemma-3-4b-it,5,1059
608,mmlu,r2ata,gemma-3-4b-it,10,1059
609,mmlu,r2ata,gemma-3-4b-it,15,1059
610,mmlu,r2ata,gemma-3-4b-it,20,1059
611,mmlu,r2ata,gemma-3-4b-it,25,1059
612,mmlu,wikitypo,Llama-3.1-8B-Instruct,1,1059
613,mmlu,wikitypo,Llama-3.1-8B-Instruct,5,1059
614,mmlu,wikitypo,Llama-3.1-8B-Instruct,10,1059
615,mmlu,wikitypo,Llama-3.1-8B-Instruct,15,1059
616,mmlu,wikitypo,Llama-3.1-8B-Instruct,20,1059
617,mmlu,wikitypo,Llama-3.1-8B-Instruct,25,1059
618,mmlu,wikitypo,Mistral-7B-Instruct-v0.3,1,1059
619,mmlu,wikitypo,Mistral-7B-Instruct-v0.3,5,1059
620,mmlu,wikitypo,Mistral-7B-Instruct-v0.3,10,1059
621,mmlu,wikitypo,Mistral-7B-Instruct-v0.3,15,1059
622,mmlu,wikitypo,Mistral-7B-Instruct-v0.3,20,1059
623,mmlu,wikitypo,Mistral-7B-Instruct-v0.3,25,1059
624,mmlu,wikitypo,Qwen3-14B,1,1059
625,mmlu,wikitypo,Qwen3-14B,5,1059
626,mmlu,wikitypo,Qwen3-14B,10,1059
627,mmlu,wikitypo,Qwen3-14B,15,1059
628,mmlu,wikitypo,Qwen3-14B,20,1059
629,mmlu,wikitypo,Qwen3-14B,25,1059
630,mmlu,wikitypo,Qwen3-4B,1,1059
631,mmlu,wikitypo,Qwen3-4B,5,1059
632,mmlu,wikitypo,Qwen3-4B,10,1059
633,mmlu,wikitypo,Qwen3-4B,15,1059
634,mmlu,wikitypo,Qwen3-4B,20,1059
635,mmlu,wikitypo,Qwen3-4B,25,1059
636,mmlu,wikitypo,gemma-3-12b-it,1,1059
637,mmlu,wikitypo,gemma-3-12b-it,5,1059
638,mmlu,wikitypo,gemma-3-12b-it,10,1059
639,mmlu,wikitypo,gemma-3-12b-it,15,1059
640,mmlu,wikitypo,gemma-3-12b-it,20,1059
641,mmlu,wikitypo,gemma-3-12b-it,25,1059
642,mmlu,wikitypo,gemma-3-4b-it,1,1059
643,mmlu,wikitypo,gemma-3-4b-it,5,1059
644,mmlu,wikitypo,gemma-3-4b-it,10,1059
645,mmlu,wikitypo,gemma-3-4b-it,15,1059
646,mmlu,wikitypo,gemma-3-4b-it,20,1059
647,mmlu,wikitypo,gemma-3-4b-it,25,1059
648,multiarith,clean,Llama-3.1-8B-Instruct,1,180
649,multiarith,clean,Llama-3.1-8B-Instruct,5,180
650,multiarith,clean,Llama-3.1-8B-Instruct,10,180
651,multiarith,clean,Llama-3.1-8B-Instruct,15,180
652,multiarith,clean,Llama-3.1-8B-Instruct,20,180
653,multiarith,clean,Llama-3.1-8B-Instruct,25,180
654,multiarith,clean,Mistral-7B-Instruct-v0.3,1,180
655,multiarith,clean,Mistral-7B-Instruct-v0.3,5,180
656,multiarith,clean,Mistral-7B-Instruct-v0.3,10,180
657,multiarith,clean,Mistral-7B-Instruct-v0.3,15,180
658,multiarith,clean,Mistral-7B-Instruct-v0.3,20,180
659,multiarith,clean,Mistral-7B-Instruct-v0.3,25,180
660,multiarith,clean,Qwen3-14B,1,180
661,multiarith,clean,Qwen3-14B,5,180
662,multiarith,clean,Qwen3-14B,10,180
663,multiarith,clean,Qwen3-14B,15,180
664,multiarith,clean,Qwen3-14B,20,180
665,multiarith,clean,Qwen3-14B,25,180
666,multiarith,clean,Qwen3-4B,1,180
667,multiarith,clean,Qwen3-4B,5,180
668,multiarith,clean,Qwen3-4B,10,180
669,multiarith,clean,Qwen3-4B,15,180
670,multiarith,clean,Qwen3-4B,20,180
671,multiarith,clean,Qwen3-4B,25,180
672,multiarith,clean,gemma-3-12b-it,1,180
673,multiarith,clean,gemma-3-12b-it,5,180
674,multiarith,clean,gemma-3-12b-it,10,180
675,multiarith,clean,gemma-3-12b-it,15,180
676,multiarith,clean,gemma-3-12b-it,20,180
677,multiarith,clean,gemma-3-12b-it,25,180
678,multiarith,clean,gemma-3-4b-it,1,180
679,multiarith,clean,gemma-3-4b-it,5,180
680,multiarith,clean,gemma-3-4b-it,10,180
681,multiarith,clean,gemma-3-4b-it,15,180
682,multiarith,clean,gemma-3-4b-it,20,180
683,multiarith,clean,gemma-3-4b-it,25,180
684,multiarith,punctuation_10,Llama-3.1-8B-Instruct,1,165
685,multiarith,punctuation_10,Llama-3.1-8B-Instruct,5,80
686,multiarith,punctuation_10,Llama-3.1-8B-Instruct,10,80
687,multiarith,punctuation_10,Llama-3.1-8B-Instruct,15,80
688,multiarith,punctuation_10,Llama-3.1-8B-Instruct,20,80
689,multiarith,punctuation_10,Llama-3.1-8B-Instruct,25,80
690,multiarith,punctuation_10,Mistral-7B-Instruct-v0.3,1,180
691,multiarith,punctuation_10,Mistral-7B-Instruct-v0.3,5,180
692,multiarith,punctuation_10,Mistral-7B-Instruct-v0.3,10,180
693,multiarith,punctuation_10,Mistral-7B-Instruct-v0.3,15,180
694,multiarith,punctuation_10,Mistral-7B-Instruct-v0.3,20,180
695,multiarith,punctuation_10,Mistral-7B-Instruct-v0.3,25,180
696,multiarith,punctuation_10,Qwen3-14B,1,180
697,multiarith,punctuation_10,Qwen3-14B,5,180
698,multiarith,punctuation_10,Qwen3-14B,10,180
699,multiarith,punctuation_10,Qwen3-14B,15,180
700,multiarith,punctuation_10,Qwen3-14B,20,180
701,multiarith,punctuation_10,Qwen3-14B,25,180
702,multiarith,punctuation_10,Qwen3-4B,1,180
703,multiarith,punctuation_10,Qwen3-4B,5,180
704,multiarith,punctuation_10,Qwen3-4B,10,180
705,multiarith,punctuation_10,Qwen3-4B,15,180
706,multiarith,punctuation_10,Qwen3-4B,20,180
707,multiarith,punctuation_10,Qwen3-4B,25,180
708,multiarith,punctuation_10,gemma-3-12b-it,1,180
709,multiarith,punctuation_10,gemma-3-12b-it,5,180
710,multiarith,punctuation_10,gemma-3-12b-it,10,180
711,multiarith,punctuation_10,gemma-3-12b-it,15,180
712,multiarith,punctuation_10,gemma-3-12b-it,20,180
713,multiarith,punctuation_10,gemma-3-12b-it,25,180
714,multiarith,punctuation_10,gemma-3-4b-it,1,180
715,multiarith,punctuation_10,gemma-3-4b-it,5,180
716,multiarith,punctuation_10,gemma-3-4b-it,10,180
717,multiarith,punctuation_10,gemma-3-4b-it,15,180
718,multiarith,punctuation_10,gemma-3-4b-it,20,180
719,multiarith,punctuation_10,gemma-3-4b-it,25,180
720,multiarith,punctuation_30,Llama-3.1-8B-Instruct,1,180
721,multiarith,punctuation_30,Llama-3.1-8B-Instruct,5,180
722,multiarith,punctuation_30,Llama-3.1-8B-Instruct,10,180
723,multiarith,punctuation_30,Llama-3.1-8B-Instruct,15,180
724,multiarith,punctuation_30,Llama-3.1-8B-Instruct,20,180
725,multiarith,punctuation_30,Llama-3.1-8B-Instruct,25,180
726,multiarith,punctuation_30,Mistral-7B-Instruct-v0.3,1,180
727,multiarith,punctuation_30,Mistral-7B-Instruct-v0.3,5,180
728,multiarith,punctuation_30,Mistral-7B-Instruct-v0.3,10,180
729,multiarith,punctuation_30,Mistral-7B-Instruct-v0.3,15,180
730,multiarith,punctuation_30,Mistral-7B-Instruct-v0.3,20,180
731,multiarith,punctuation_30,Mistral-7B-Instruct-v0.3,25,180
732,multiarith,punctuation_30,Qwen3-14B,1,180
733,multiarith,punctuation_30,Qwen3-14B,5,180
734,multiarith,punctuation_30,Qwen3-14B,10,180
735,multiarith,punctuation_30,Qwen3-14B,15,180
736,multiarith,punctuation_30,Qwen3-14B,20,180
737,multiarith,punctuation_30,Qwen3-14B,25,180
738,multiarith,punctuation_30,Qwen3-4B,1,180
739,multiarith,punctuation_30,Qwen3-4B,5,180
740,multiarith,punctuation_30,Qwen3-4B,10,180
741,multiarith,punctuation_30,Qwen3-4B,15,180
742,multiarith,punctuation_30,Qwen3-4B,20,180
743,multiarith,punctuation_30,Qwen3-4B,25,180
744,multiarith,punctuation_30,gemma-3-12b-it,1,180
745,multiarith,punctuation_30,gemma-3-12b-it,5,180
746,multiarith,punctuation_30,gemma-3-12b-it,10,180
747,multiarith,punctuation_30,gemma-3-12b-it,15,180
748,multiarith,punctuation_30,gemma-3-12b-it,20,180
749,multiarith,punctuation_30,gemma-3-12b-it,25,180
750,multiarith,punctuation_30,gemma-3-4b-it,1,180
751,multiarith,punctuation_30,gemma-3-4b-it,5,180
752,multiarith,punctuation_30,gemma-3-4b-it,10,180
753,multiarith,punctuation_30,gemma-3-4b-it,15,180
754,multiarith,punctuation_30,gemma-3-4b-it,20,180
755,multiarith,punctuation_30,gemma-3-4b-it,25,180
756,multiarith,punctuation_50,Llama-3.1-8B-Instruct,1,180
757,multiarith,punctuation_50,Llama-3.1-8B-Instruct,5,169
758,multiarith,punctuation_50,Llama-3.1-8B-Instruct,10,80
759,multiarith,punctuation_50,Llama-3.1-8B-Instruct,15,80
760,multiarith,punctuation_50,Llama-3.1-8B-Instruct,20,80
761,multiarith,punctuation_50,Llama-3.1-8B-Instruct,25,80
762,multiarith,punctuation_50,Mistral-7B-Instruct-v0.3,1,180
763,multiarith,punctuation_50,Mistral-7B-Instruct-v0.3,5,180
764,multiarith,punctuation_50,Mistral-7B-Instruct-v0.3,10,180
765,multiarith,punctuation_50,Mistral-7B-Instruct-v0.3,15,180
766,multiarith,punctuation_50,Mistral-7B-Instruct-v0.3,20,180
767,multiarith,punctuation_50,Mistral-7B-Instruct-v0.3,25,180
768,multiarith,punctuation_50,Qwen3-14B,1,180
769,multiarith,punctuation_50,Qwen3-14B,5,180
770,multiarith,punctuation_50,Qwen3-14B,10,180
771,multiarith,punctuation_50,Qwen3-14B,15,180
772,multiarith,punctuation_50,Qwen3-14B,20,180
773,multiarith,punctuation_50,Qwen3-14B,25,180
774,multiarith,punctuation_50,Qwen3-4B,1,180
775,multiarith,punctuation_50,Qwen3-4B,5,180
776,multiarith,punctuation_50,Qwen3-4B,10,180
777,multiarith,punctuation_50,Qwen3-4B,15,180
778,multiarith,punctuation_50,Qwen3-4B,20,180
779,multiarith,punctuation_50,Qwen3-4B,25,180
780,multiarith,punctuation_50,gemma-3-12b-it,1,180
781,multiarith,punctuation_50,gemma-3-12b-it,5,180
782,multiarith,punctuation_50,gemma-3-12b-it,10,180
783,multiarith,punctuation_50,gemma-3-12b-it,15,180
784,multiarith,punctuation_50,gemma-3-12b-it,20,180
785,multiarith,punctuation_50,gemma-3-12b-it,25,180
786,multiarith,punctuation_50,gemma-3-4b-it,1,180
787,multiarith,punctuation_50,gemma-3-4b-it,5,180
788,multiarith,punctuation_50,gemma-3-4b-it,10,180
789,multiarith,punctuation_50,gemma-3-4b-it,15,180
790,multiarith,punctuation_50,gemma-3-4b-it,20,180
791,multiarith,punctuation_50,gemma-3-4b-it,25,180
792,multiarith,r2ata,Llama-3.1-8B-Instruct,1,180
793,multiarith,r2ata,Llama-3.1-8B-Instruct,5,180
794,multiarith,r2ata,Llama-3.1-8B-Instruct,10,180
795,multiarith,r2ata,Llama-3.1-8B-Instruct,15,180
796,multiarith,r2ata,Llama-3.1-8B-Instruct,20,180
797,multiarith,r2ata,Llama-3.1-8B-Instruct,25,180
798,multiarith,r2ata,Mistral-7B-Instruct-v0.3,1,180
799,multiarith,r2ata,Mistral-7B-Instruct-v0.3,5,180
800,multiarith,r2ata,Mistral-7B-Instruct-v0.3,10,180
801,multiarith,r2ata,Mistral-7B-Instruct-v0.3,15,180
802,multiarith,r2ata,Mistral-7B-Instruct-v0.3,20,180
803,multiarith,r2ata,Mistral-7B-Instruct-v0.3,25,180
804,multiarith,r2ata,Qwen3-14B,1,180
805,multiarith,r2ata,Qwen3-14B,5,180
806,multiarith,r2ata,Qwen3-14B,10,180
807,multiarith,r2ata,Qwen3-14B,15,180
808,multiarith,r2ata,Qwen3-14B,20,180
809,multiarith,r2ata,Qwen3-14B,25,180
810,multiarith,r2ata,Qwen3-4B,1,180
811,multiarith,r2ata,Qwen3-4B,5,180
812,multiarith,r2ata,Qwen3-4B,10,180
813,multiarith,r2ata,Qwen3-4B,15,180
814,multiarith,r2ata,Qwen3-4B,20,180
815,multiarith,r2ata,Qwen3-4B,25,180
816,multiarith,r2ata,gemma-3-12b-it,1,180
817,multiarith,r2ata,gemma-3-12b-it,5,180
818,multiarith,r2ata,gemma-3-12b-it,10,180
819,multiarith,r2ata,gemma-3-12b-it,15,180
820,multiarith,r2ata,gemma-3-12b-it,20,180
821,multiarith,r2ata,gemma-3-12b-it,25,180
822,multiarith,r2ata,gemma-3-4b-it,1,180
823,multiarith,r2ata,gemma-3-4b-it,5,180
824,multiarith,r2ata,gemma-3-4b-it,10,180
825,multiarith,r2ata,gemma-3-4b-it,15,180
826,multiarith,r2ata,gemma-3-4b-it,20,180
827,multiarith,r2ata,gemma-3-4b-it,25,180
828,multiarith,wikitypo,Llama-3.1-8B-Instruct,1,180
829,multiarith,wikitypo,Llama-3.1-8B-Instruct,5,180
830,multiarith,wikitypo,Llama-3.1-8B-Instruct,10,180
831,multiarith,wikitypo,Llama-3.1-8B-Instruct,15,180
832,multiarith,wikitypo,Llama-3.1-8B-Instruct,20,180
833,multiarith,wikitypo,Llama-3.1-8B-Instruct,25,180
834,multiarith,wikitypo,Mistral-7B-Instruct-v0.3,1,80
835,multiarith,wikitypo,Mistral-7B-Instruct-v0.3,5,80
836,multiarith,wikitypo,Mistral-7B-Instruct-v0.3,10,80
837,multiarith,wikitypo,Mistral-7B-Instruct-v0.3,15,80
838,multiarith,wikitypo,Mistral-7B-Instruct-v0.3,20,80
839,multiarith,wikitypo,Mistral-7B-Instruct-v0.3,25,80
840,multiarith,wikitypo,Qwen3-14B,1,180
841,multiarith,wikitypo,Qwen3-14B,5,180
842,multiarith,wikitypo,Qwen3-14B,10,180
843,multiarith,wikitypo,Qwen3-14B,15,180
844,multiarith,wikitypo,Qwen3-14B,20,180
845,multiarith,wikitypo,Qwen3-14B,25,180
846,multiarith,wikitypo,Qwen3-4B,1,180
847,multiarith,wikitypo,Qwen3-4B,5,180
848,multiarith,wikitypo,Qwen3-4B,10,180
849,multiarith,wikitypo,Qwen3-4B,15,180
850,multiarith,wikitypo,Qwen3-4B,20,180
851,multiarith,wikitypo,Qwen3-4B,25,180
852,multiarith,wikitypo,gemma-3-12b-it,1,180
853,multiarith,wikitypo,gemma-3-12b-it,5,180
854,multiarith,wikitypo,gemma-3-12b-it,10,180
855,multiarith,wikitypo,gemma-3-12b-it,15,180
856,multiarith,wikitypo,gemma-3-12b-it,20,180
857,multiarith,wikitypo,gemma-3-12b-it,25,180
858,multiarith,wikitypo,gemma-3-4b-it,1,180
859,multiarith,wikitypo,gemma-3-4b-it,5,180
860,multiarith,wikitypo,gemma-3-4b-it,10,180
861,multiarith,wikitypo,gemma-3-4b-it,15,180
862,multiarith,wikitypo,gemma-3-4b-it,20,180
863,multiarith,wikitypo,gemma-3-4b-it,25,180
